Pair,DA,DD,MP,MA,IN,SM,TP,TA,TR,WR,Mark,,Unique Marks,Frequency
po-aud_chf_otc,1,8,1,100,10000,6,13.56,200,201,56,618,,618,1
po-aud_chf_otc,1,10,1,100,10000,6,23.99,161,162,60.25,620,,620,1
po-aud_chf_otc,1,8,2,100,10000,6,36.86,570,386,59,628,,628,1
aud/cad,1,9,2,100,10000,6,8.4,186,128,60.61,629,,629,1
po-aud_chf_otc,1,10,2,100,10000,6,58.09,459,311,61.49,630,,630,1
gecko-chf/usdc,1,2,3,100,10000,6,168.8,7024,3869,65.44,632,,632,1
gecko-chf/usdc,1,3,3,100,10000,6,235.4,6340,3292,69.13,633,,633,1
gecko-chf/usdc,1,4,3,100,10000,6,397.8,5616,2825,71.88,634,,634,1
po-aud_chf_otc,1,5,3,100,10000,6,10.82,1897,853,62.22,635,,635,2
gecko-chf/usdc,1,5,3,100,10000,6,380.2,5234,2540,71.46,635,,636,1
gecko-chf/usdc,1,6,3,100,10000,6,233.8,4736,2275,71.23,636,,637,3
po-aud_chf_otc,1,7,3,100,10000,6,0.9,1396,625,60.53,637,,638,3
gecko-eurc/usdc,1,7,3,100,10000,6,103.8,5748,2551,66.34,637,,639,4
gecko-chf/usdc,1,7,3,100,10000,6,407,4381,2066,72.34,637,,640,3
po-aud_chf_otc,1,8,3,100,10000,6,52.82,1210,546,63,638,,642,2
gecko-eurc/usdc,1,8,3,100,10000,6,90.8,5059,2249,65.92,638,,643,2
gecko-chf/usdc,1,8,3,100,10000,6,428.8,3983,1861,73.8,638,,644,3
gecko-eurc/usdc,1,9,3,100,10000,6,8.4,4587,2029,64.16,639,,645,3
gecko-chf/usdc,1,9,3,100,10000,6,339.2,3754,1739,71.84,639,,646,3
aud/cad,1,9,3,100,10000,6,19.6,398,181,62.12,639,,647,2
EUR/USDT,1,9,3,100,10000,6,13.4,4519,2111,69.53,639,,648,3
po-aud_chf_otc,1,10,3,100,10000,6,140.97,1023,452,64.6,640,,649,4
gecko-eurc/usdc,1,10,3,100,10000,6,96.4,4139,1829,63.94,640,,650,4
gecko-chf/usdc,1,10,3,100,10000,6,387.2,3418,1576,74.75,640,,652,3
gecko-eurc/usdc,1,2,4,100,10000,6,374.6,22264,7726,67.75,642,,653,2
gecko-chf/usdc,1,2,4,100,10000,6,530.4,8808,4092,65.44,642,,654,3
gecko-eurc/usdc,1,3,4,100,10000,6,718.4,18502,5987,67.71,643,,655,4
gecko-chf/usdc,1,3,4,100,10000,6,913.8,8628,3578,69.13,643,,656,3
po-aud_chf_otc,1,4,4,100,10000,6,159.63,4405,1309,69.31,644,,657,2
gecko-eurc/usdc,1,4,4,100,10000,6,640.2,15927,4915,65.12,644,,658,3
gecko-chf/usdc,1,4,4,100,10000,6,1036.2,8160,3143,71.88,644,,659,4
po-aud_chf_otc,1,5,4,100,10000,6,76.98,3721,1081,66.35,645,,660,4
gecko-eurc/usdc,1,5,4,100,10000,6,421,13934,4174,64.08,645,,662,3
gecko-chf/usdc,1,5,4,100,10000,6,1149.8,7978,2883,71.46,645,,663,3
gecko-eurc/usdc,1,6,4,100,10000,6,674.4,12228,3599,63.58,646,,664,3
gecko-chf/usdc,1,6,4,100,10000,6,813,7368,2604,71.23,646,,665,4
aud/cny,1,6,4,100,10000,6,68.2,1145,353,61.47,646,,666,3
gecko-eurc/usdc,1,7,4,100,10000,6,926.2,10916,3197,66.34,647,,667,2
gecko-chf/usdc,1,7,4,100,10000,6,1251.8,7165,2414,72.34,647,,668,3
po-aud_chf_otc,1,8,4,100,10000,6,142.66,2370,691,68,648,,669,3
gecko-eurc/usdc,1,8,4,100,10000,6,1199.6,9883,2853,65.92,648,,670,4
gecko-chf/usdc,1,8,4,100,10000,6,1241.6,6511,2177,73.8,648,,1218,1
gecko-eurc/usdc,1,9,4,100,10000,6,1008.4,9059,2588,64.16,649,,1220,1
gecko-chf/usdc,1,9,4,100,10000,6,1249.6,6386,2069,71.84,649,,1224,1
aud/cad,1,9,4,100,10000,6,11.6,766,227,62.12,649,,1225,1
EUR/USDT,1,9,4,100,10000,6,186.2,7759,2516,69.53,649,,1228,1
po-aud_chf_otc,1,10,4,100,10000,6,275.85,2015,576,67.7,650,,1230,1
gecko-eurc/usdc,1,10,4,100,10000,6,1096.4,8179,2334,63.94,650,,1232,1
gecko-chf/usdc,1,10,4,100,10000,6,1241.6,5962,1894,74.75,650,,1233,1
aud/cad,1,10,4,100,10000,6,12.2,715,210,57.38,650,,1234,1
po-aud_chf_otc,1,2,5,100,10000,6,42.92,10323,2389,72.84,652,,1235,2
gecko-eurc/usdc,1,2,5,100,10000,6,1744.2,31032,8274,70.99,652,,1236,1
gecko-chf/usdc,1,2,5,100,10000,6,780,9912,4161,65.75,652,,1237,2
gecko-eurc/usdc,1,3,5,100,10000,6,2254.4,28054,6584,71.71,653,,1238,2
gecko-chf/usdc,1,3,5,100,10000,6,1739.4,10452,3692,70.38,653,,1239,1
po-aud_chf_otc,1,4,5,100,10000,6,344.11,7813,1522,69.57,654,,1240,2
gecko-eurc/usdc,1,4,5,100,10000,6,2192.2,25751,5529,69.89,654,,1242,1
gecko-chf/usdc,1,4,5,100,10000,6,1676.2,10400,3283,73.88,654,,1243,2
po-aud_chf_otc,1,5,5,100,10000,6,146.74,6761,1271,66.35,655,,1244,2
gecko-eurc/usdc,1,5,5,100,10000,6,2158.6,23342,4763,69.82,655,,1245,3
gecko-chf/usdc,1,5,5,100,10000,6,2151.4,10490,3040,73.44,655,,1246,3
aud/cad,1,5,5,100,10000,6,24,1821,387,64.22,655,,1247,2
gecko-eurc/usdc,1,6,5,100,10000,6,2690.4,21300,4166,70.84,656,,1248,3
gecko-chf/usdc,1,6,5,100,10000,6,1587.4,10136,2777,74.14,656,,1249,2
aud/cny,1,6,5,100,10000,6,247.4,1945,403,66.97,656,,1250,3
gecko-eurc/usdc,1,7,5,100,10000,6,2846.2,19076,3707,71.74,657,,1252,2
gecko-chf/usdc,1,7,5,100,10000,6,2691.8,10189,2603,75.64,657,,1253,2
po-aud_chf_otc,1,8,5,100,10000,6,433.86,4402,818,68,658,,1254,2
gecko-eurc/usdc,1,8,5,100,10000,6,3516.4,17819,3350,73.28,658,,1255,3
gecko-chf/usdc,1,8,5,100,10000,6,2390.4,9423,2359,78.05,658,,1256,2
gecko-eurc/usdc,1,9,5,100,10000,6,3059.6,16195,3034,71.55,659,,1257,2
gecko-chf/usdc,1,9,5,100,10000,6,2484.8,9442,2260,76.2,659,,1258,3
aud/cad,1,9,5,100,10000,6,34,1406,267,62.12,659,,1259,2
EUR/USDT,1,9,5,100,10000,6,80.6,12559,2816,73.76,659,,1260,3
po-aud_chf_otc,1,10,5,100,10000,6,490.57,3807,688,68.94,660,,1262,2
gecko-eurc/usdc,1,10,5,100,10000,6,3528.4,15251,2776,72.73,660,,,
gecko-chf/usdc,1,10,5,100,10000,6,2348.8,8858,2075,78.24,660,,,
aud/cad,1,10,5,100,10000,6,57,1275,245,59.02,660,,,
po-aud_chf_otc,1,2,6,100,10000,6,568.68,15091,2538,76.17,662,,,
gecko-eurc/usdc,1,2,6,100,10000,6,2909,39256,8531,72.3,662,,,
gecko-chf/usdc,1,2,6,100,10000,6,1023.2,10648,4184,65.9,662,,,
gecko-eurc/usdc,1,3,6,100,10000,6,4392,38358,6906,73.97,663,,,
gecko-chf/usdc,1,3,6,100,10000,6,2494.6,11828,3735,70.84,663,,,
aud/cad,1,3,6,100,10000,6,1.4,4270,623,62.5,663,,,
po-aud_chf_otc,1,4,6,100,10000,6,240.43,12965,1683,72.38,664,,,
gecko-eurc/usdc,1,4,6,100,10000,6,4726.6,38423,5925,73.2,664,,,
gecko-chf/usdc,1,4,6,100,10000,6,2329,12224,3340,74.44,664,,,
po-aud_chf_otc,1,5,6,100,10000,6,17.78,12009,1435,70.16,665,,,
gecko-eurc/usdc,1,5,6,100,10000,6,5237,36334,5170,74.19,665,,,
gecko-chf/usdc,1,5,6,100,10000,6,3162.6,12762,3111,74.2,665,,,
aud/cad,1,5,6,100,10000,6,62.4,3165,429,68.81,665,,,
gecko-eurc/usdc,1,6,6,100,10000,6,6511.2,34644,4583,75.43,666,,,
gecko-chf/usdc,1,6,6,100,10000,6,2125,12248,2843,75.22,666,,,
aud/cny,1,6,6,100,10000,6,394.6,3065,438,69.72,666,,,
gecko-eurc/usdc,1,7,6,100,10000,6,6347,31876,4107,76.93,667,,,
gecko-chf/usdc,1,7,6,100,10000,6,4170.2,12973,2690,77.72,667,,,
po-aud_chf_otc,1,8,6,100,10000,6,1045.38,7954,929,72,668,,,
gecko-eurc/usdc,1,8,6,100,10000,6,8162.8,29819,3726,77.65,668,,,
gecko-chf/usdc,1,8,6,100,10000,6,3664,12239,2447,79.29,668,,,
gecko-eurc/usdc,1,9,6,100,10000,6,7046.8,27587,3390,77.27,669,,,
gecko-chf/usdc,1,9,6,100,10000,6,4142.4,12738,2363,78.01,669,,,
aud/cad,1,9,6,100,10000,6,14.8,2462,300,66.67,669,,,
po-aud_chf_otc,1,10,6,100,10000,6,954.57,6943,786,70.81,670,,,
gecko-eurc/usdc,1,10,6,100,10000,6,8360.4,26835,3138,77.81,670,,,
gecko-chf/usdc,1,10,6,100,10000,6,4051.2,12282,2182,80.9,670,,,
aud/cad,1,10,6,100,10000,6,165.8,2203,274,63.93,670,,,
po-aud_chf_otc,1,8,1,100,10000,12,13.6,200,201,56,1218,,,
po-aud_chf_otc,1,10,1,100,10000,12,14.72,161,162,57.14,1220,,,
po-aud_chf_otc,1,4,2,100,10000,12,0.43,1101,748,57.54,1224,,,
po-aud_chf_otc,1,5,2,100,10000,12,13.42,877,597,59.05,1225,,,
po-aud_chf_otc,1,8,2,100,10000,12,38.5,568,385,59.5,1228,,,
po-aud_chf_otc,1,10,2,100,10000,12,30.04,459,311,58.39,1230,,,
gecko-chf/usdc,1,2,3,100,10000,12,105,7068,3880,64.63,1232,,,
gecko-chf/usdc,1,3,3,100,10000,12,72.6,6420,3316,67.37,1233,,,
gecko-chf/usdc,1,4,3,100,10000,12,213.2,5608,2827,70.03,1234,,,
po-aud_chf_otc,1,5,3,100,10000,12,72.7,1893,851,63.81,1235,,,
gecko-chf/usdc,1,5,3,100,10000,12,373.6,5282,2553,70.7,1235,,,
gecko-chf/usdc,1,6,3,100,10000,12,133.6,4820,2302,69.61,1236,,,
gecko-eurc/usdc,1,7,3,100,10000,12,65.2,5720,2542,65.78,1237,,,
gecko-chf/usdc,1,7,3,100,10000,12,312.6,4407,2073,71.48,1237,,,
po-aud_chf_otc,1,8,3,100,10000,12,65.7,1212,546,63.5,1238,,,
gecko-chf/usdc,1,8,3,100,10000,12,324.8,3997,1865,73.25,1238,,,
gecko-chf/usdc,1,9,3,100,10000,12,348.6,3786,1746,72.59,1239,,,
po-aud_chf_otc,1,10,3,100,10000,12,83.4,1015,450,62.73,1240,,,
gecko-chf/usdc,1,10,3,100,10000,12,359.8,3440,1584,74.42,1240,,,
gecko-chf/usdc,1,2,4,100,10000,12,617,8788,4095,64.63,1242,,,
gecko-eurc/usdc,1,3,4,100,10000,12,239,19048,6094,65.66,1243,,,
gecko-chf/usdc,1,3,4,100,10000,12,728.6,8788,3612,67.37,1243,,,
gecko-eurc/usdc,1,4,4,100,10000,12,517.8,16269,4974,63.86,1244,,,
gecko-chf/usdc,1,4,4,100,10000,12,874,8072,3135,70.03,1244,,,
po-aud_chf_otc,1,5,4,100,10000,12,225.34,3693,1076,68.57,1245,,,
gecko-eurc/usdc,1,5,4,100,10000,12,356,14152,4213,63.43,1245,,,
gecko-chf/usdc,1,5,4,100,10000,12,1128.8,8098,2905,70.7,1245,,,
po-aud_chf_otc,1,6,4,100,10000,12,1.88,3123,915,65.66,1246,,,
gecko-eurc/usdc,1,6,4,100,10000,12,753.6,12390,3628,63.58,1246,,,
gecko-chf/usdc,1,6,4,100,10000,12,712.8,7596,2649,69.61,1246,,,
gecko-eurc/usdc,1,7,4,100,10000,12,886,10904,3190,65.78,1247,,,
gecko-chf/usdc,1,7,4,100,10000,12,1079,7183,2420,71.48,1247,,,
po-aud_chf_otc,1,8,4,100,10000,12,171.38,2340,687,69,1248,,,
gecko-eurc/usdc,1,8,4,100,10000,12,1004.6,10033,2878,64.42,1248,,,
gecko-chf/usdc,1,8,4,100,10000,12,1097.6,6565,2186,73.25,1248,,,
gecko-eurc/usdc,1,9,4,100,10000,12,762,9201,2615,63.18,1249,,,
gecko-chf/usdc,1,9,4,100,10000,12,1329.4,6506,2087,72.59,1249,,,
po-aud_chf_otc,1,10,4,100,10000,12,178.84,2031,577,65.22,1250,,,
gecko-eurc/usdc,1,10,4,100,10000,12,971.8,8273,2353,62.87,1250,,,
gecko-chf/usdc,1,10,4,100,10000,12,1209.4,5960,1899,74.42,1250,,,
gecko-eurc/usdc,1,2,5,100,10000,12,340.2,32202,8437,69.06,1252,,,
gecko-chf/usdc,1,2,5,100,10000,12,1039.4,9892,4164,65.09,1252,,,
gecko-eurc/usdc,1,3,5,100,10000,12,1519,29288,6734,69.97,1253,,,
gecko-chf/usdc,1,3,5,100,10000,12,1490.2,10532,3721,68.61,1253,,,
gecko-eurc/usdc,1,4,5,100,10000,12,2476.2,26637,5622,69.29,1254,,,
gecko-chf/usdc,1,4,5,100,10000,12,1552.4,10216,3269,72.2,1254,,,
po-aud_chf_otc,1,5,5,100,10000,12,423.9,6637,1260,68.57,1255,,,
gecko-eurc/usdc,1,5,5,100,10000,12,2324,24136,4838,69.34,1255,,,
gecko-chf/usdc,1,5,5,100,10000,12,2159.2,10754,3071,72.87,1255,,,
gecko-eurc/usdc,1,6,5,100,10000,12,2833.6,21542,4200,70.46,1256,,,
gecko-chf/usdc,1,6,5,100,10000,12,1368.8,10396,2824,72.09,1256,,,
gecko-eurc/usdc,1,7,5,100,10000,12,2710,19160,3706,71.74,1257,,,
gecko-chf/usdc,1,7,5,100,10000,12,2480.6,10303,2615,74.91,1257,,,
po-aud_chf_otc,1,8,5,100,10000,12,466.1,4308,810,69,1258,,,
gecko-eurc/usdc,1,8,5,100,10000,12,3161.4,18129,3385,71.91,1258,,,
gecko-chf/usdc,1,8,5,100,10000,12,2272,9653,2379,77.78,1258,,,
gecko-eurc/usdc,1,9,5,100,10000,12,2749.2,16545,3074,70.29,1259,,,
gecko-chf/usdc,1,9,5,100,10000,12,2702.2,9770,2292,77.56,1259,,,
po-aud_chf_otc,1,10,5,100,10000,12,223.8,3839,690,66.46,1260,,,
gecko-eurc/usdc,1,10,5,100,10000,12,3387.8,15361,2796,72.11,1260,,,
gecko-chf/usdc,1,10,5,100,10000,12,2521.4,8968,2087,78.57,1260,,,
gecko-eurc/usdc,1,2,6,100,10000,12,1479.4,41258,8720,70.55,1262,,,
gecko-chf/usdc,1,2,6,100,10000,12,1353,10500,4183,65.24,1262,,,
gecko-eurc/usdc,1,3,6,100,10000,12,3375,40392,7081,72.38,1263,,,
gecko-chf/usdc,1,3,6,100,10000,12,2251.8,11844,3762,69.13,1263,,,
gecko-eurc/usdc,1,4,6,100,10000,12,5068.2,39885,6036,72.87,1264,,,
gecko-chf/usdc,1,4,6,100,10000,12,2275.6,11912,3322,72.84,1264,,,
po-aud_chf_otc,1,5,6,100,10000,12,520.54,11661,1417,72.38,1265,,,
gecko-eurc/usdc,1,5,6,100,10000,12,5530.4,38152,5277,73.95,1265,,,
gecko-chf/usdc,1,5,6,100,10000,12,3240.8,13186,3147,73.82,1265,,,
po-aud_chf_otc,1,6,6,100,10000,12,101.08,10243,1220,69.43,1266,,,
gecko-eurc/usdc,1,6,6,100,10000,12,7134.4,35270,4629,75.24,1266,,,
gecko-chf/usdc,1,6,6,100,10000,12,1880.8,12764,2898,73.17,1266,,,
gecko-eurc/usdc,1,7,6,100,10000,12,5596.4,32056,4109,76.93,1267,,,
gecko-chf/usdc,1,7,6,100,10000,12,3939.8,13279,2708,76.99,1267,,,
po-aud_chf_otc,1,8,6,100,10000,12,1055.22,7700,916,73,1268,,,
gecko-eurc/usdc,1,8,6,100,10000,12,7724.6,30673,3778,76.53,1268,,,
gecko-chf/usdc,1,8,6,100,10000,12,3692.8,12725,2475,79.29,1268,,,
gecko-eurc/usdc,1,9,6,100,10000,12,6461.2,28097,3435,76.29,1269,,,
gecko-chf/usdc,1,9,6,100,10000,12,4558.2,13386,2405,79.37,1269,,,
po-aud_chf_otc,1,10,6,100,10000,12,346.68,7007,789,67.08,1270,,,
gecko-eurc/usdc,1,10,6,100,10000,12,8175,26817,3154,77.04,1270,,,
gecko-chf/usdc,1,10,6,100,10000,12,4460.6,12616,2201,81.56,1270,,,
po-aud_chf_otc,1,8,1,100,10000,18,21.26,200,201,58,1818,,,
po-aud_chf_otc,1,10,1,100,10000,18,7.05,161,162,54.66,1820,,,
po-aud_chf_otc,1,5,2,100,10000,18,38.52,877,598,60.63,1825,,,
po-aud_chf_otc,1,8,2,100,10000,18,61.5,568,386,61.5,1828,,,
aud/cad,1,9,2,100,10000,18,3.2,184,126,59.09,1829,,,
po-aud_chf_otc,1,10,2,100,10000,18,8.87,461,312,55.9,1830,,,
gecko-chf/usdc,1,2,3,100,10000,18,71.6,7150,3908,64.53,1832,,,
gecko-chf/usdc,1,4,3,100,10000,18,341.4,5658,2842,70.99,1834,,,
po-aud_chf_otc,1,5,3,100,10000,18,103.44,1865,846,65.08,1835,,,
gecko-chf/usdc,1,5,3,100,10000,18,389.8,5246,2545,70.79,1835,,,
gecko-chf/usdc,1,6,3,100,10000,18,62.4,4812,2298,69.29,1836,,,
gecko-chf/usdc,1,7,3,100,10000,18,355,4433,2079,71.6,1837,,,
po-aud_chf_otc,1,8,3,100,10000,18,100.38,1208,547,64.5,1838,,,
gecko-chf/usdc,1,8,3,100,10000,18,300,3957,1853,72.98,1838,,,
gecko-chf/usdc,1,9,3,100,10000,18,442.2,3822,1758,73.49,1839,,,
aud/cad,1,9,3,100,10000,18,12,384,176,62.12,1839,,,
po-aud_chf_otc,1,10,3,100,10000,18,46.79,1025,453,60.87,1840,,,
gecko-chf/usdc,1,10,3,100,10000,18,368.6,3424,1578,74.42,1840,,,
gecko-chf/usdc,1,2,4,100,10000,18,564.4,8918,4129,64.53,1842,,,
gecko-eurc/usdc,1,3,4,100,10000,18,139.2,19218,6128,65.3,1843,,,
gecko-chf/usdc,1,3,4,100,10000,18,566.8,8822,3628,66.91,1843,,,
gecko-eurc/usdc,1,4,4,100,10000,18,7.6,16493,5020,62.34,1844,,,
gecko-chf/usdc,1,4,4,100,10000,18,917.4,8178,3157,70.99,1844,,,
po-aud_chf_otc,1,5,4,100,10000,18,259.52,3585,1062,69.52,1845,,,
gecko-eurc/usdc,1,5,4,100,10000,18,340.6,14270,4242,63.51,1845,,,
gecko-chf/usdc,1,5,4,100,10000,18,1111.4,8038,2894,70.79,1845,,,
gecko-eurc/usdc,1,6,4,100,10000,18,812.8,12446,3640,63.77,1846,,,
gecko-chf/usdc,1,6,4,100,10000,18,611.2,7604,2647,69.29,1846,,,
gecko-eurc/usdc,1,7,4,100,10000,18,750.4,11090,3223,64.68,1847,,,
gecko-chf/usdc,1,7,4,100,10000,18,1137.4,7193,2424,71.6,1847,,,
po-aud_chf_otc,1,8,4,100,10000,18,222.22,2320,687,70,1848,,,
gecko-eurc/usdc,1,8,4,100,10000,18,630.8,10099,2894,63.3,1848,,,
gecko-chf/usdc,1,8,4,100,10000,18,1024.8,6501,2171,72.98,1848,,,
gecko-eurc/usdc,1,9,4,100,10000,18,675,9279,2631,62.48,1849,,,
gecko-chf/usdc,1,9,4,100,10000,18,1429.4,6550,2100,73.49,1849,,,
aud/cad,1,9,4,100,10000,18,18.4,752,222,62.12,1849,,,
po-aud_chf_otc,1,10,4,100,10000,18,157.43,2057,582,65.22,1850,,,
gecko-eurc/usdc,1,10,4,100,10000,18,822.6,8343,2364,61.94,1850,,,
gecko-chf/usdc,1,10,4,100,10000,18,1213.4,5992,1899,74.42,1850,,,
gecko-eurc/usdc,1,2,5,100,10000,18,174.6,33138,8560,68.08,1852,,,
gecko-chf/usdc,1,2,5,100,10000,18,1018.8,10134,4205,64.93,1852,,,
gecko-eurc/usdc,1,3,5,100,10000,18,1598.4,29682,6782,69.76,1853,,,
gecko-chf/usdc,1,3,5,100,10000,18,1328.4,10566,3737,68.15,1853,,,
gecko-eurc/usdc,1,4,5,100,10000,18,1614,27069,5682,67.44,1854,,,
gecko-chf/usdc,1,4,5,100,10000,18,1576.6,10370,3294,72.76,1854,,,
po-aud_chf_otc,1,5,5,100,10000,18,493.6,6401,1239,69.84,1855,,,
gecko-eurc/usdc,1,5,5,100,10000,18,2334.2,24430,4878,69.5,1855,,,
gecko-chf/usdc,1,5,5,100,10000,18,2093.8,10598,3054,72.78,1855,,,
gecko-eurc/usdc,1,6,5,100,10000,18,2742.4,21662,4216,70.84,1856,,,
gecko-chf/usdc,1,6,5,100,10000,18,1369.6,10532,2830,71.98,1856,,,
gecko-eurc/usdc,1,7,5,100,10000,18,2568,19554,3752,71.85,1857,,,
gecko-chf/usdc,1,7,5,100,10000,18,2526.2,10297,2618,75.4,1857,,,
po-aud_chf_otc,1,8,5,100,10000,18,456.78,4256,809,70,1858,,,
gecko-eurc/usdc,1,8,5,100,10000,18,2544.4,18323,3409,70.54,1858,,,
gecko-chf/usdc,1,8,5,100,10000,18,2228,9589,2364,77.64,1858,,,
gecko-eurc/usdc,1,9,5,100,10000,18,2739,16863,3105,70.01,1859,,,
gecko-chf/usdc,1,9,5,100,10000,18,2815,9830,2305,78.01,1859,,,
aud/cad,1,9,5,100,10000,18,82.4,1408,263,62.12,1859,,,
po-aud_chf_otc,1,10,5,100,10000,18,247.51,3913,698,66.46,1860,,,
gecko-eurc/usdc,1,10,5,100,10000,18,3245,15655,2821,71.19,1860,,,
gecko-chf/usdc,1,10,5,100,10000,18,2448.6,9048,2090,78.24,1860,,,
gecko-eurc/usdc,1,2,6,100,10000,18,1057.8,42738,8860,69.53,1862,,,
gecko-chf/usdc,1,2,6,100,10000,18,1332.4,10742,4224,65.09,1862,,,
gecko-eurc/usdc,1,3,6,100,10000,18,3659.2,41330,7146,72.23,1863,,,
gecko-chf/usdc,1,3,6,100,10000,18,2128.4,11782,3775,68.74,1863,,,
gecko-eurc/usdc,1,4,6,100,10000,18,3847.6,41021,6119,71.21,1864,,,
gecko-chf/usdc,1,4,6,100,10000,18,2325.4,12098,3348,73.32,1864,,,
po-aud_chf_otc,1,5,6,100,10000,18,515.04,11073,1386,73.65,1865,,,
gecko-eurc/usdc,1,5,6,100,10000,18,5796.6,38766,5327,74.11,1865,,,
gecko-chf/usdc,1,5,6,100,10000,18,3098.6,12934,3127,73.72,1865,,,
gecko-eurc/usdc,1,6,6,100,10000,18,6633.6,35454,4647,75.43,1866,,,
gecko-chf/usdc,1,6,6,100,10000,18,1875.2,12964,2906,73.28,1866,,,
gecko-eurc/usdc,1,7,6,100,10000,18,5768,33058,4174,76.93,1867,,,
gecko-chf/usdc,1,7,6,100,10000,18,3953.4,13305,2712,77.6,1867,,,
po-aud_chf_otc,1,8,6,100,10000,18,800.14,7648,916,73,1868,,,
gecko-eurc/usdc,1,8,6,100,10000,18,6768.4,31091,3809,75.41,1868,,,
gecko-chf/usdc,1,8,6,100,10000,18,3642.4,12725,2462,79.29,1868,,,
gecko-eurc/usdc,1,9,6,100,10000,18,6438.2,28831,3479,76.29,1869,,,
gecko-chf/usdc,1,9,6,100,10000,18,4703,13414,2417,79.82,1869,,,
aud/cad,1,9,6,100,10000,18,165.6,2592,300,68.18,1869,,,
po-aud_chf_otc,1,10,6,100,10000,18,456.15,7241,802,67.08,1870,,,
gecko-eurc/usdc,1,10,6,100,10000,18,8205,27399,3188,76.43,1870,,,
gecko-chf/usdc,1,10,6,100,10000,18,4272.6,12696,2204,81.23,1870,,,
po-aud_chf_otc,1,5,1,100,10000,24,1.77,315,316,52.7,2415,,,
po-aud_chf_otc,1,8,1,100,10000,24,17.36,200,201,57,2418,,,
po-aud_chf_otc,1,10,1,100,10000,24,1.23,161,162,52.8,2420,,,
po-aud_chf_otc,1,5,2,100,10000,24,46.49,877,597,60.95,2425,,,
po-aud_chf_otc,1,8,2,100,10000,24,45.96,568,385,60,2428,,,
gecko-chf/usdc,1,3,3,100,10000,24,8.6,6484,3339,66.51,2433,,,
gecko-chf/usdc,1,4,3,100,10000,24,284.2,5726,2864,70.75,2434,,,
po-aud_chf_otc,1,5,3,100,10000,24,141.25,1873,846,66.03,2435,,,
gecko-chf/usdc,1,5,3,100,10000,24,339.6,5190,2527,70.79,2435,,,
gecko-chf/usdc,1,6,3,100,10000,24,80,4834,2307,69.07,2436,,,
gecko-chf/usdc,1,7,3,100,10000,24,336.2,4495,2098,71.48,2437,,,
po-aud_chf_otc,1,8,3,100,10000,24,76.76,1216,547,63.5,2438,,,
gecko-chf/usdc,1,8,3,100,10000,24,321,3945,1851,73.11,2438,,,
gecko-chf/usdc,1,9,3,100,10000,24,369.8,3808,1754,73.19,2439,,,
gecko-chf/usdc,1,10,3,100,10000,24,329.8,3380,1565,74.09,2440,,,
gecko-chf/usdc,1,2,4,100,10000,24,431.6,9022,4157,63.66,2442,,,
gecko-chf/usdc,1,3,4,100,10000,24,610.2,8820,3631,66.51,2443,,,
gecko-eurc/usdc,1,4,4,100,10000,24,184.8,16665,5047,62.81,2444,,,
gecko-chf/usdc,1,4,4,100,10000,24,871.4,8350,3192,70.75,2444,,,
po-aud_chf_otc,1,5,4,100,10000,24,342.69,3593,1061,70.48,2445,,,
gecko-eurc/usdc,1,5,4,100,10000,24,122,14458,4278,62.38,2445,,,
gecko-chf/usdc,1,5,4,100,10000,24,1005.2,8038,2883,70.79,2445,,,
gecko-eurc/usdc,1,6,4,100,10000,24,722.8,12518,3649,63.38,2446,,,
gecko-chf/usdc,1,6,4,100,10000,24,657.6,7626,2656,69.07,2446,,,
gecko-eurc/usdc,1,7,4,100,10000,24,549,11178,3237,63.47,2447,,,
gecko-chf/usdc,1,7,4,100,10000,24,1093,7367,2457,71.48,2447,,,
po-aud_chf_otc,1,8,4,100,10000,24,189.8,2368,691,68.5,2448,,,
gecko-eurc/usdc,1,8,4,100,10000,24,587.4,10263,2919,62.05,2448,,,
gecko-chf/usdc,1,8,4,100,10000,24,1033,6473,2167,73.11,2448,,,
gecko-eurc/usdc,1,9,4,100,10000,24,706,9329,2641,62.48,2449,,,
gecko-chf/usdc,1,9,4,100,10000,24,1373,6520,2094,73.19,2449,,,
po-aud_chf_otc,1,10,4,100,10000,24,38.17,2039,579,62.73,2450,,,
gecko-eurc/usdc,1,10,4,100,10000,24,704.8,8369,2372,61.48,2450,,,
gecko-chf/usdc,1,10,4,100,10000,24,1133,5932,1884,74.09,2450,,,
gecko-chf/usdc,1,2,5,100,10000,24,780.4,10286,4236,64.02,2452,,,
gecko-eurc/usdc,1,3,5,100,10000,24,1303.6,29984,6816,68.63,2453,,,
gecko-chf/usdc,1,3,5,100,10000,24,1333.4,10516,3737,67.69,2453,,,
gecko-eurc/usdc,1,4,5,100,10000,24,1848.8,27385,5718,67.84,2454,,,
gecko-chf/usdc,1,4,5,100,10000,24,1575.4,10670,3337,72.6,2454,,,
po-aud_chf_otc,1,5,5,100,10000,24,622.05,6393,1236,70.79,2455,,,
gecko-eurc/usdc,1,5,5,100,10000,24,2019.6,24858,4929,68.77,2455,,,
gecko-chf/usdc,1,5,5,100,10000,24,2022.8,10678,3048,72.78,2455,,,
gecko-eurc/usdc,1,6,5,100,10000,24,2652.4,22022,4243,70.55,2456,,,
gecko-chf/usdc,1,6,5,100,10000,24,1470.4,10586,2841,71.88,2456,,,
gecko-eurc/usdc,1,7,5,100,10000,24,2331.4,19850,3779,70.53,2457,,,
gecko-chf/usdc,1,7,5,100,10000,24,2510.6,10615,2660,75.15,2457,,,
po-aud_chf_otc,1,8,5,100,10000,24,406.6,4384,817,68.5,2458,,,
gecko-eurc/usdc,1,8,5,100,10000,24,2571.4,18647,3444,69.41,2458,,,
gecko-chf/usdc,1,8,5,100,10000,24,2210.6,9529,2358,77.78,2458,,,
gecko-eurc/usdc,1,9,5,100,10000,24,2786,16897,3114,69.87,2459,,,
gecko-chf/usdc,1,9,5,100,10000,24,2765,9736,2295,77.86,2459,,,
po-aud_chf_otc,1,10,5,100,10000,24,20.41,3911,696,63.98,2460,,,
gecko-eurc/usdc,1,10,5,100,10000,24,3005.6,15745,2833,70.57,2460,,,
gecko-chf/usdc,1,10,5,100,10000,24,2313.8,8956,2073,78.07,2460,,,
gecko-eurc/usdc,1,2,6,100,10000,24,381.4,43022,8900,68.73,2462,,,
gecko-chf/usdc,1,2,6,100,10000,24,1030,10958,4257,64.17,2462,,,
gecko-eurc/usdc,1,3,6,100,10000,24,3191.6,41920,7189,71.3,2463,,,
gecko-chf/usdc,1,3,6,100,10000,24,2069.4,11796,3777,68.28,2463,,,
gecko-eurc/usdc,1,4,6,100,10000,24,4031.2,41561,6162,71.54,2464,,,
gecko-chf/usdc,1,4,6,100,10000,24,2285.8,12494,3394,73.24,2464,,,
po-aud_chf_otc,1,5,6,100,10000,24,672.61,11033,1381,74.29,2465,,,
gecko-eurc/usdc,1,5,6,100,10000,24,5360.4,39546,5389,73.71,2465,,,
gecko-chf/usdc,1,5,6,100,10000,24,3040.4,13174,3126,73.82,2465,,,
po-aud_chf_otc,1,6,6,100,10000,24,27.61,10455,1230,68.3,2466,,,
gecko-eurc/usdc,1,6,6,100,10000,24,6326,35974,4679,74.95,2466,,,
gecko-chf/usdc,1,6,6,100,10000,24,1944,13050,2918,73.17,2466,,,
gecko-eurc/usdc,1,7,6,100,10000,24,5403.4,33482,4205,76.05,2467,,,
gecko-chf/usdc,1,7,6,100,10000,24,3937.8,13911,2763,77.72,2467,,,
po-aud_chf_otc,1,8,6,100,10000,24,645.32,8000,930,71.5,2468,,,
gecko-eurc/usdc,1,8,6,100,10000,24,6648.2,31735,3854,74.66,2468,,,
gecko-chf/usdc,1,8,6,100,10000,24,3650.6,12697,2457,79.56,2468,,,
gecko-eurc/usdc,1,9,6,100,10000,24,6696.4,29057,3494,76.29,2469,,,
gecko-chf/usdc,1,9,6,100,10000,24,4601.8,13256,2405,79.67,2469,,,
po-aud_chf_otc,1,10,6,100,10000,24,71.93,7271,801,65.22,2470,,,
gecko-eurc/usdc,1,10,6,100,10000,24,7978.4,27649,3205,75.81,2470,,,
gecko-chf/usdc,1,10,6,100,10000,24,4080.2,12604,2187,81.23,2470,,,
po-aud_chf_otc,1,8,1,100,10000,30,15.55,200,201,56.5,3018,,,
po-aud_chf_otc,1,5,2,100,10000,30,32.64,879,598,60,3025,,,
po-aud_chf_otc,1,6,2,100,10000,30,2.58,741,505,57.74,3026,,,
po-aud_chf_otc,1,8,2,100,10000,30,49.79,570,386,60.5,3028,,,
gecko-chf/usdc,1,3,3,100,10000,30,25.2,6498,3343,66.64,3033,,,
gecko-chf/usdc,1,4,3,100,10000,30,260.4,5712,2856,70.83,3034,,,
po-aud_chf_otc,1,5,3,100,10000,30,118.84,1883,849,65.4,3035,,,
gecko-chf/usdc,1,5,3,100,10000,30,290.4,5214,2534,70.42,3035,,,
po-aud_chf_otc,1,6,3,100,10000,30,14.18,1597,720,61.51,3036,,,
gecko-chf/usdc,1,7,3,100,10000,30,351.8,4483,2095,71.6,3037,,,
po-aud_chf_otc,1,8,3,100,10000,30,99.55,1222,549,64.5,3038,,,
gecko-chf/usdc,1,8,3,100,10000,30,384.4,3941,1850,74.07,3038,,,
gecko-chf/usdc,1,9,3,100,10000,30,353.6,3790,1748,73.04,3039,,,
gecko-chf/usdc,1,10,3,100,10000,30,349.8,3396,1569,74.09,3040,,,
gecko-chf/usdc,1,2,4,100,10000,30,376.4,8944,4139,63.91,3042,,,
gecko-chf/usdc,1,3,4,100,10000,30,617.2,8858,3638,66.64,3043,,,
po-aud_chf_otc,1,4,4,100,10000,30,8.06,4469,1325,66.5,3044,,,
gecko-eurc/usdc,1,4,4,100,10000,30,300.6,16803,5075,62.94,3044,,,
gecko-chf/usdc,1,4,4,100,10000,30,817.2,8352,3186,70.83,3044,,,
po-aud_chf_otc,1,5,4,100,10000,30,296.92,3611,1065,70.16,3045,,,
gecko-chf/usdc,1,5,4,100,10000,30,1010.4,8094,2894,70.42,3045,,,
po-aud_chf_otc,1,6,4,100,10000,30,30.1,3133,913,65.28,3046,,,
gecko-eurc/usdc,1,6,4,100,10000,30,653.2,12602,3664,62.81,3046,,,
gecko-chf/usdc,1,6,4,100,10000,30,521.4,7638,2657,68.1,3046,,,
gecko-eurc/usdc,1,7,4,100,10000,30,594.2,11176,3236,63.13,3047,,,
gecko-chf/usdc,1,7,4,100,10000,30,1067,7339,2452,71.6,3047,,,
po-aud_chf_otc,1,8,4,100,10000,30,249.31,2398,696,69,3048,,,
gecko-eurc/usdc,1,8,4,100,10000,30,661.4,10369,2936,61.8,3048,,,
gecko-chf/usdc,1,8,4,100,10000,30,1120.4,6445,2163,74.07,3048,,,
gecko-eurc/usdc,1,9,4,100,10000,30,713.6,9361,2648,61.79,3049,,,
gecko-chf/usdc,1,9,4,100,10000,30,1348.8,6510,2089,73.04,3049,,,
gecko-eurc/usdc,1,10,4,100,10000,30,610.6,8393,2376,60.55,3050,,,
gecko-chf/usdc,1,10,4,100,10000,30,1173.8,5956,1889,74.09,3050,,,
gecko-eurc/usdc,1,2,5,100,10000,30,47.8,33866,8669,67.42,3052,,,
gecko-chf/usdc,1,2,5,100,10000,30,667.6,10208,4218,64.27,3052,,,
gecko-eurc/usdc,1,3,5,100,10000,30,1324.6,30026,6818,68.79,3053,,,
gecko-chf/usdc,1,3,5,100,10000,30,1362.8,10618,3748,67.82,3053,,,
gecko-eurc/usdc,1,4,5,100,10000,30,1919.8,27539,5747,68.23,3054,,,
gecko-chf/usdc,1,4,5,100,10000,30,1486,10736,3335,72.6,3054,,,
po-aud_chf_otc,1,5,5,100,10000,30,531.48,6427,1241,70.16,3055,,,
gecko-eurc/usdc,1,5,5,100,10000,30,1506,25170,4957,67.64,3055,,,
gecko-chf/usdc,1,5,5,100,10000,30,2104.8,10830,3065,72.59,3055,,,
po-aud_chf_otc,1,6,5,100,10000,30,55.22,5821,1082,65.66,3056,,,
gecko-eurc/usdc,1,6,5,100,10000,30,2538,22122,4259,70.08,3056,,,
gecko-chf/usdc,1,6,5,100,10000,30,1177.4,10582,2841,70.69,3056,,,
aud/cny,1,6,5,100,10000,30,41.6,1933,398,65.14,3056,,,
gecko-eurc/usdc,1,7,5,100,10000,30,2408.6,19816,3776,70.64,3057,,,
gecko-chf/usdc,1,7,5,100,10000,30,2430.2,10555,2653,75.15,3057,,,
po-aud_chf_otc,1,8,5,100,10000,30,447.39,4462,825,69,3058,,,
gecko-eurc/usdc,1,8,5,100,10000,30,2731.8,18897,3470,68.79,3058,,,
gecko-chf/usdc,1,8,5,100,10000,30,2304.4,9437,2350,78.6,3058,,,
gecko-eurc/usdc,1,9,5,100,10000,30,2777.6,16945,3122,69.46,3059,,,
gecko-chf/usdc,1,9,5,100,10000,30,2708.8,9758,2292,77.86,3059,,,
aud/cad,1,9,5,100,10000,30,2.2,1508,275,57.58,3059,,,
gecko-eurc/usdc,1,10,5,100,10000,30,2764.2,15801,2839,69.8,3060,,,
gecko-chf/usdc,1,10,5,100,10000,30,2405.8,9044,2082,78.24,3060,,,
gecko-eurc/usdc,1,2,6,100,10000,30,668.6,43498,8970,68.73,3062,,,
gecko-chf/usdc,1,2,6,100,10000,30,936.4,10976,4242,64.42,3062,,,
gecko-eurc/usdc,1,3,6,100,10000,30,3180.6,41994,7192,71.46,3063,,,
gecko-chf/usdc,1,3,6,100,10000,30,2066.8,11930,3789,68.41,3063,,,
gecko-eurc/usdc,1,4,6,100,10000,30,4038.2,41779,6193,71.81,3064,,,
gecko-chf/usdc,1,4,6,100,10000,30,2138.8,12560,3392,73.24,3064,,,
po-aud_chf_otc,1,5,6,100,10000,30,463,11067,1386,73.65,3065,,,
gecko-eurc/usdc,1,5,6,100,10000,30,4712.4,40338,5432,72.49,3065,,,
gecko-chf/usdc,1,5,6,100,10000,30,3256.8,13422,3146,73.63,3065,,,
po-aud_chf_otc,1,6,6,100,10000,30,133.94,10493,1228,69.06,3066,,,
gecko-eurc/usdc,1,6,6,100,10000,30,6403.6,36170,4698,74.47,3066,,,
gecko-chf/usdc,1,6,6,100,10000,30,1414.2,13110,2920,71.88,3066,,,
aud/cny,1,6,6,100,10000,30,150.4,3149,436,66.97,3066,,,
gecko-eurc/usdc,1,7,6,100,10000,30,5435.8,33320,4198,75.94,3067,,,
gecko-chf/usdc,1,7,6,100,10000,30,3806.2,13787,2754,77.6,3067,,,
po-aud_chf_otc,1,8,6,100,10000,30,590.11,8110,939,71,3068,,,
gecko-eurc/usdc,1,8,6,100,10000,30,7051.8,32145,3885,74.03,3068,,,
gecko-chf/usdc,1,8,6,100,10000,30,3642,12477,2445,80.25,3068,,,
gecko-eurc/usdc,1,9,6,100,10000,30,6521.6,29041,3500,75.45,3069,,,
gecko-chf/usdc,1,9,6,100,10000,30,4507.2,13374,2405,79.67,3069,,,
gecko-eurc/usdc,1,10,6,100,10000,30,7455.4,27641,3209,74.73,3070,,,
gecko-chf/usdc,1,10,6,100,10000,30,4281,12756,2198,81.4,3070,,,
po-aud_chf_otc,1,5,1,100,10000,36,3.9,315,316,53.02,3615,,,
po-aud_chf_otc,1,6,1,100,10000,36,2.02,265,266,52.83,3616,,,
po-aud_chf_otc,1,8,1,100,10000,36,15.54,200,201,56.5,3618,,,
po-aud_chf_otc,1,5,2,100,10000,36,41.32,877,597,60.32,3625,,,
po-aud_chf_otc,1,6,2,100,10000,36,10.26,741,505,58.11,3626,,,
po-aud_chf_otc,1,8,2,100,10000,36,51.58,572,387,60.5,3628,,,
gecko-chf/usdc,1,3,3,100,10000,36,47.6,6508,3347,66.84,3633,,,
gecko-chf/usdc,1,4,3,100,10000,36,263.2,5720,2860,70.35,3634,,,
po-aud_chf_otc,1,5,3,100,10000,36,140.28,1877,847,65.71,3635,,,
gecko-chf/usdc,1,5,3,100,10000,36,264,5226,2539,70.13,3635,,,
po-aud_chf_otc,1,6,3,100,10000,36,33.54,1593,719,62.26,3636,,,
gecko-chf/usdc,1,7,3,100,10000,36,330.8,4477,2092,71.24,3637,,,
po-aud_chf_otc,1,8,3,100,10000,36,108.62,1232,552,64.5,3638,,,
gecko-chf/usdc,1,8,3,100,10000,36,319.6,3941,1848,73.11,3638,,,
gecko-chf/usdc,1,9,3,100,10000,36,342.2,3814,1756,72.59,3639,,,
gecko-chf/usdc,1,10,3,100,10000,36,413.6,3406,1573,74.75,3640,,,
gecko-chf/usdc,1,2,4,100,10000,36,431.8,9038,4160,64.07,3642,,,
gecko-chf/usdc,1,3,4,100,10000,36,620.4,8844,3639,66.84,3643,,,
gecko-eurc/usdc,1,4,4,100,10000,36,58.8,16881,5089,62.14,3644,,,
gecko-chf/usdc,1,4,4,100,10000,36,869.6,8368,3191,70.35,3644,,,
po-aud_chf_otc,1,5,4,100,10000,36,357.56,3613,1064,70.48,3645,,,
gecko-chf/usdc,1,5,4,100,10000,36,937.6,8066,2894,70.13,3645,,,
po-aud_chf_otc,1,6,4,100,10000,36,57.46,3121,911,65.66,3646,,,
gecko-eurc/usdc,1,6,4,100,10000,36,703.2,12678,3682,62.91,3646,,,
gecko-chf/usdc,1,6,4,100,10000,36,514.2,7692,2666,67.67,3646,,,
gecko-eurc/usdc,1,7,4,100,10000,36,701,11206,3242,63.25,3647,,,
gecko-chf/usdc,1,7,4,100,10000,36,1058.8,7349,2451,71.24,3647,,,
po-aud_chf_otc,1,8,4,100,10000,36,234.62,2432,702,68,3648,,,
gecko-eurc/usdc,1,8,4,100,10000,36,645.4,10367,2937,61.55,3648,,,
gecko-chf/usdc,1,8,4,100,10000,36,1039.6,6461,2163,73.11,3648,,,
gecko-eurc/usdc,1,9,4,100,10000,36,637,9389,2654,61.37,3649,,,
gecko-chf/usdc,1,9,4,100,10000,36,1302.2,6526,2096,72.59,3649,,,
gecko-eurc/usdc,1,10,4,100,10000,36,609.6,8439,2388,60.55,3650,,,
gecko-chf/usdc,1,10,4,100,10000,36,1261.6,5942,1890,74.75,3650,,,
gecko-eurc/usdc,1,2,5,100,10000,36,50.4,34002,8690,67.09,3652,,,
gecko-chf/usdc,1,2,5,100,10000,36,751.8,10302,4239,64.42,3652,,,
gecko-eurc/usdc,1,3,5,100,10000,36,973.6,30026,6812,68.12,3653,,,
gecko-chf/usdc,1,3,5,100,10000,36,1337.2,10604,3749,67.89,3653,,,
gecko-eurc/usdc,1,4,5,100,10000,36,1514.8,27665,5764,67.44,3654,,,
gecko-chf/usdc,1,4,5,100,10000,36,1516,10688,3336,72.36,3654,,,
po-aud_chf_otc,1,5,5,100,10000,36,655.8,6429,1240,70.48,3655,,,
gecko-eurc/usdc,1,5,5,100,10000,36,1339.2,25128,4949,66.83,3655,,,
gecko-chf/usdc,1,5,5,100,10000,36,1939.2,10722,3060,72.21,3655,,,
po-aud_chf_otc,1,6,5,100,10000,36,37.62,5761,1077,66.04,3656,,,
gecko-eurc/usdc,1,6,5,100,10000,36,2773.6,22358,4287,70.08,3656,,,
gecko-chf/usdc,1,6,5,100,10000,36,1170.2,10636,2850,70.47,3656,,,
gecko-eurc/usdc,1,7,5,100,10000,36,2713.8,19878,3784,70.97,3657,,,
gecko-chf/usdc,1,7,5,100,10000,36,2377.2,10581,2653,74.66,3657,,,
po-aud_chf_otc,1,8,5,100,10000,36,356.06,4512,832,68,3658,,,
gecko-eurc/usdc,1,8,5,100,10000,36,2754.2,18943,3474,69.04,3658,,,
gecko-chf/usdc,1,8,5,100,10000,36,2191.6,9485,2352,77.78,3658,,,
gecko-eurc/usdc,1,9,5,100,10000,36,2614.6,16973,3128,68.9,3659,,,
gecko-chf/usdc,1,9,5,100,10000,36,2620.6,9758,2299,77.26,3659,,,
gecko-eurc/usdc,1,10,5,100,10000,36,2740.8,15927,2856,69.8,3660,,,
gecko-chf/usdc,1,10,5,100,10000,36,2458.4,8950,2078,78.57,3660,,,
gecko-eurc/usdc,1,2,6,100,10000,36,965.6,43858,8998,68.44,3662,,,
gecko-chf/usdc,1,2,6,100,10000,36,995,11038,4262,64.58,3662,,,
gecko-eurc/usdc,1,3,6,100,10000,36,2816.8,41834,7181,70.74,3663,,,
gecko-chf/usdc,1,3,6,100,10000,36,2066.8,11948,3791,68.48,3663,,,
gecko-eurc/usdc,1,4,6,100,10000,36,3486,42225,6220,71.21,3664,,,
gecko-chf/usdc,1,4,6,100,10000,36,2168.8,12512,3393,73,3664,,,
po-aud_chf_otc,1,5,6,100,10000,36,740.28,11037,1384,73.97,3665,,,
gecko-eurc/usdc,1,5,6,100,10000,36,4558.4,40168,5420,71.76,3665,,,
gecko-chf/usdc,1,5,6,100,10000,36,3008,13282,3140,73.25,3665,,,
po-aud_chf_otc,1,6,6,100,10000,36,57.14,10369,1221,69.43,3666,,,
gecko-eurc/usdc,1,6,6,100,10000,36,6677.6,36598,4732,74.67,3666,,,
gecko-chf/usdc,1,6,6,100,10000,36,1483.8,13260,2932,71.77,3666,,,
gecko-eurc/usdc,1,7,6,100,10000,36,5971.4,33382,4206,76.38,3667,,,
gecko-chf/usdc,1,7,6,100,10000,36,3644.4,13749,2752,76.99,3667,,,
po-aud_chf_otc,1,8,6,100,10000,36,464.22,8256,949,70,3668,,,
gecko-eurc/usdc,1,8,6,100,10000,36,7003.8,32319,3893,74.28,3668,,,
gecko-chf/usdc,1,8,6,100,10000,36,3439.6,12557,2448,79.15,3668,,,
gecko-eurc/usdc,1,9,6,100,10000,36,6077,29005,3504,75.03,3669,,,
gecko-chf/usdc,1,9,6,100,10000,36,4310.2,13310,2410,79.22,3669,,,
gecko-eurc/usdc,1,10,6,100,10000,36,7272,27927,3231,74.58,3670,,,
gecko-chf/usdc,1,10,6,100,10000,36,4237.6,12470,2188,81.4,3670,,,
po-aud_chf_otc,1,8,1,100,10000,42,17.77,200,201,57,4218,,,
po-aud_chf_otc,1,5,2,100,10000,42,16.44,877,597,59.05,4225,,,
po-aud_chf_otc,1,6,2,100,10000,42,0.64,743,506,57.36,4226,,,
po-aud_chf_otc,1,8,2,100,10000,42,56.33,570,387,61,4228,,,
aud/cad,1,9,2,100,10000,42,5.2,182,125,60.61,4229,,,
gecko-chf/usdc,1,2,3,100,10000,42,11,7198,3922,64.07,4232,,,
gecko-chf/usdc,1,4,3,100,10000,42,226,5732,2863,70.11,4234,,,
po-aud_chf_otc,1,5,3,100,10000,42,96.04,1881,848,64.76,4235,,,
gecko-chf/usdc,1,5,3,100,10000,42,334.4,5260,2549,70.7,4235,,,
po-aud_chf_otc,1,6,3,100,10000,42,4.56,1599,721,61.13,4236,,,
aud/cad,1,6,3,100,10000,42,9.2,547,249,62.11,4236,,,
gecko-chf/usdc,1,7,3,100,10000,42,337,4469,2090,71.36,4237,,,
po-aud_chf_otc,1,8,3,100,10000,42,117.53,1226,552,65,4238,,,
gecko-chf/usdc,1,8,3,100,10000,42,333.2,3949,1849,73.25,4238,,,
gecko-chf/usdc,1,9,3,100,10000,42,390.4,3782,1746,73.49,4239,,,
aud/cad,1,9,3,100,10000,42,10,386,176,62.12,4239,,,
gecko-chf/usdc,1,10,3,100,10000,42,386.6,3424,1579,74.25,4240,,,
gecko-chf/usdc,1,2,4,100,10000,42,433.4,8950,4141,64.07,4242,,,
gecko-chf/usdc,1,3,4,100,10000,42,528.2,8848,3637,65.99,4243,,,
gecko-chf/usdc,1,4,4,100,10000,42,848.4,8436,3201,70.11,4244,,,
po-aud_chf_otc,1,5,4,100,10000,42,259.24,3625,1066,69.21,4245,,,
gecko-chf/usdc,1,5,4,100,10000,42,1032,8148,2910,70.7,4245,,,
gecko-eurc/usdc,1,6,4,100,10000,42,736.8,12810,3704,62.62,4246,,,
gecko-chf/usdc,1,6,4,100,10000,42,518.4,7614,2654,68.21,4246,,,
aud/cad,1,6,4,100,10000,42,6,1011,307,62.11,4246,,,
gecko-eurc/usdc,1,7,4,100,10000,42,882,11250,3247,64.13,4247,,,
gecko-chf/usdc,1,7,4,100,10000,42,1077.8,7285,2442,71.36,4247,,,
po-aud_chf_otc,1,8,4,100,10000,42,258.65,2426,703,68.5,4248,,,
gecko-eurc/usdc,1,8,4,100,10000,42,582.4,10331,2932,61.42,4248,,,
gecko-chf/usdc,1,8,4,100,10000,42,1053.2,6469,2164,73.25,4248,,,
gecko-eurc/usdc,1,9,4,100,10000,42,666.8,9433,2661,61.23,4249,,,
gecko-chf/usdc,1,9,4,100,10000,42,1366.4,6478,2084,73.49,4249,,,
aud/cad,1,9,4,100,10000,42,16.4,754,222,62.12,4249,,,
gecko-eurc/usdc,1,10,4,100,10000,42,700.6,8519,2401,60.4,4250,,,
gecko-chf/usdc,1,10,4,100,10000,42,1210.6,5984,1899,74.25,4250,,,
gecko-eurc/usdc,1,2,5,100,10000,42,44.8,33896,8684,67.16,4252,,,
gecko-chf/usdc,1,2,5,100,10000,42,753.4,10214,4220,64.42,4252,,,
gecko-eurc/usdc,1,3,5,100,10000,42,1039,30002,6807,68.17,4253,,,
gecko-chf/usdc,1,3,5,100,10000,42,1286.6,10624,3748,67.17,4253,,,
gecko-eurc/usdc,1,4,5,100,10000,42,1501.6,27635,5751,67.44,4254,,,
gecko-chf/usdc,1,4,5,100,10000,42,1510.8,10884,3354,72.2,4254,,,
po-aud_chf_otc,1,5,5,100,10000,42,476.68,6521,1247,69.21,4255,,,
gecko-eurc/usdc,1,5,5,100,10000,42,1410.8,25240,4958,66.99,4255,,,
gecko-chf/usdc,1,5,5,100,10000,42,2027.2,10868,3080,72.78,4255,,,
gecko-eurc/usdc,1,6,5,100,10000,42,2922.4,22634,4318,69.79,4256,,,
gecko-chf/usdc,1,6,5,100,10000,42,1206.4,10526,2836,71.01,4256,,,
aud/cny,1,6,5,100,10000,42,29.6,1873,393,65.14,4256,,,
gecko-eurc/usdc,1,7,5,100,10000,42,2926.8,19890,3787,71.74,4257,,,
gecko-chf/usdc,1,7,5,100,10000,42,2466.6,10533,2645,74.91,4257,,,
po-aud_chf_otc,1,8,5,100,10000,42,421.85,4490,833,68.5,4258,,,
gecko-eurc/usdc,1,8,5,100,10000,42,2556.8,18811,3463,68.91,4258,,,
gecko-chf/usdc,1,8,5,100,10000,42,2147.6,9493,2353,77.64,4258,,,
gecko-eurc/usdc,1,9,5,100,10000,42,2737.2,17097,3140,68.9,4259,,,
gecko-chf/usdc,1,9,5,100,10000,42,2688,9678,2285,77.86,4259,,,
aud/cad,1,9,5,100,10000,42,122,1426,264,63.64,4259,,,
gecko-eurc/usdc,1,10,5,100,10000,42,2937.4,16103,2875,69.95,4260,,,
gecko-chf/usdc,1,10,5,100,10000,42,2413.8,9072,2092,77.91,4260,,,
gecko-eurc/usdc,1,2,6,100,10000,42,934.4,43720,8991,68.59,4262,,,
gecko-chf/usdc,1,2,6,100,10000,42,971,10918,4242,64.58,4262,,,
gecko-eurc/usdc,1,3,6,100,10000,42,3067.8,41970,7181,70.89,4263,,,
gecko-chf/usdc,1,3,6,100,10000,42,2067.4,12032,3792,67.82,4263,,,
gecko-eurc/usdc,1,4,6,100,10000,42,3312.8,42067,6203,71.14,4264,,,
gecko-chf/usdc,1,4,6,100,10000,42,2208.4,12836,3415,72.84,4264,,,
po-aud_chf_otc,1,5,6,100,10000,42,370.12,11257,1395,72.38,4265,,,
gecko-eurc/usdc,1,5,6,100,10000,42,4892.4,40536,5437,71.93,4265,,,
gecko-chf/usdc,1,5,6,100,10000,42,3172.8,13524,3163,73.82,4265,,,
gecko-eurc/usdc,1,6,6,100,10000,42,7056.8,37162,4772,74.57,4266,,,
gecko-chf/usdc,1,6,6,100,10000,42,1552,13118,2917,72.31,4266,,,
aud/cad,1,6,6,100,10000,42,18.8,2899,388,65.26,4266,,,
aud/cny,1,6,6,100,10000,42,170.4,3057,430,66.97,4266,,,
gecko-eurc/usdc,1,7,6,100,10000,42,6331.6,33362,4208,76.82,4267,,,
gecko-chf/usdc,1,7,6,100,10000,42,3817,13733,2745,77.23,4267,,,
po-aud_chf_otc,1,8,6,100,10000,42,570.01,8074,946,70,4268,,,
gecko-eurc/usdc,1,8,6,100,10000,42,6710.4,31995,3876,74.28,4268,,,
gecko-chf/usdc,1,8,6,100,10000,42,3395.6,12565,2449,78.88,4268,,,
gecko-eurc/usdc,1,9,6,100,10000,42,6334,29225,3519,75.17,4269,,,
gecko-chf/usdc,1,9,6,100,10000,42,4384,13166,2394,79.82,4269,,,
aud/cad,1,9,6,100,10000,42,186,2514,298,71.21,4269,,,
EUR/USDT,1,9,6,100,10000,42,7,20171,3074,74.12,4269,,,
gecko-eurc/usdc,1,10,6,100,10000,42,7564.6,28295,3256,74.73,4270,,,
gecko-chf/usdc,1,10,6,100,10000,42,4269.8,12688,2205,80.9,4270,,,
po-aud_chf_otc,1,8,1,100,10000,48,11.88,200,201,55.5,4818,,,
po-aud_chf_otc,1,5,2,100,10000,48,12.11,879,599,58.73,4825,,,
po-aud_chf_otc,1,8,2,100,10000,48,40.28,572,388,59.5,4828,,,
gecko-chf/usdc,1,4,3,100,10000,48,246.6,5742,2868,69.95,4834,,,
po-aud_chf_otc,1,5,3,100,10000,48,61.31,1875,849,63.81,4835,,,
gecko-chf/usdc,1,5,3,100,10000,48,287.6,5260,2549,70.04,4835,,,
gecko-chf/usdc,1,7,3,100,10000,48,356.4,4455,2086,71.36,4837,,,
po-aud_chf_otc,1,8,3,100,10000,48,85.72,1236,555,63.5,4838,,,
gecko-chf/usdc,1,8,3,100,10000,48,302.6,3985,1860,72.57,4838,,,
gecko-chf/usdc,1,9,3,100,10000,48,418.4,3808,1754,73.64,4839,,,
gecko-chf/usdc,1,10,3,100,10000,48,339.8,3424,1579,73.75,4840,,,
gecko-chf/usdc,1,2,4,100,10000,48,385,8966,4143,64.02,4842,,,
gecko-chf/usdc,1,3,4,100,10000,48,511.2,8838,3632,65.79,4843,,,
gecko-eurc/usdc,1,4,4,100,10000,48,40.8,16827,5079,61.95,4844,,,
gecko-chf/usdc,1,4,4,100,10000,48,827.4,8358,3195,69.95,4844,,,
po-aud_chf_otc,1,5,4,100,10000,48,201.79,3611,1067,68.89,4845,,,
gecko-chf/usdc,1,5,4,100,10000,48,922.8,8124,2907,70.04,4845,,,
gecko-eurc/usdc,1,6,4,100,10000,48,721.4,12766,3696,62.72,4846,,,
gecko-chf/usdc,1,6,4,100,10000,48,427,7556,2647,68,4846,,,
gecko-eurc/usdc,1,7,4,100,10000,48,928.8,11268,3249,64.24,4847,,,
gecko-chf/usdc,1,7,4,100,10000,48,1063.6,7247,2435,71.36,4847,,,
po-aud_chf_otc,1,8,4,100,10000,48,188.12,2444,707,67,4848,,,
gecko-eurc/usdc,1,8,4,100,10000,48,673.4,10357,2937,61.8,4848,,,
gecko-chf/usdc,1,8,4,100,10000,48,1019.4,6537,2179,72.57,4848,,,
gecko-eurc/usdc,1,9,4,100,10000,48,755.6,9445,2663,61.92,4849,,,
gecko-chf/usdc,1,9,4,100,10000,48,1426.4,6544,2097,73.64,4849,,,
gecko-eurc/usdc,1,10,4,100,10000,48,735,8481,2394,60.71,4850,,,
gecko-chf/usdc,1,10,4,100,10000,48,1175,6016,1903,73.75,4850,,,
gecko-eurc/usdc,1,2,5,100,10000,48,144.2,34036,8715,67.09,4852,,,
gecko-chf/usdc,1,2,5,100,10000,48,692.2,10214,4221,64.37,4852,,,
gecko-eurc/usdc,1,3,5,100,10000,48,1267.2,30024,6818,68.17,4853,,,
gecko-chf/usdc,1,3,5,100,10000,48,1224.8,10630,3744,66.91,4853,,,
gecko-eurc/usdc,1,4,5,100,10000,48,1634.4,27675,5758,67.37,4854,,,
gecko-chf/usdc,1,4,5,100,10000,48,1496.2,10742,3344,72.04,4854,,,
po-aud_chf_otc,1,5,5,100,10000,48,373.31,6523,1250,68.89,4855,,,
gecko-eurc/usdc,1,5,5,100,10000,48,1065.4,25310,4968,66.02,4855,,,
gecko-chf/usdc,1,5,5,100,10000,48,1956.4,10892,3080,72.4,4855,,,
gecko-eurc/usdc,1,6,5,100,10000,48,2913.4,22526,4306,69.79,4856,,,
gecko-chf/usdc,1,6,5,100,10000,48,1006.2,10404,2825,70.69,4856,,,
gecko-eurc/usdc,1,7,5,100,10000,48,3092,20020,3796,71.74,4857,,,
gecko-chf/usdc,1,7,5,100,10000,48,2385.2,10447,2635,74.91,4857,,,
po-aud_chf_otc,1,8,5,100,10000,48,247.48,4524,838,67,4858,,,
gecko-eurc/usdc,1,8,5,100,10000,48,2721.4,18821,3467,69.16,4858,,,
gecko-chf/usdc,1,8,5,100,10000,48,2165,9625,2372,77.09,4858,,,
gecko-eurc/usdc,1,9,5,100,10000,48,2883.6,17109,3142,68.9,4859,,,
gecko-chf/usdc,1,9,5,100,10000,48,2773.6,9776,2300,78.16,4859,,,
gecko-eurc/usdc,1,10,5,100,10000,48,2879,15985,2863,69.8,4860,,,
gecko-chf/usdc,1,10,5,100,10000,48,2387.8,9152,2099,77.74,4860,,,
gecko-eurc/usdc,1,2,6,100,10000,48,995.4,43668,9016,68.48,4862,,,
gecko-chf/usdc,1,2,6,100,10000,48,909.8,10918,4243,64.53,4862,,,
gecko-eurc/usdc,1,3,6,100,10000,48,3308.8,41864,7188,70.89,4863,,,
gecko-chf/usdc,1,3,6,100,10000,48,1973.6,12070,3789,67.56,4863,,,
gecko-eurc/usdc,1,4,6,100,10000,48,3477.6,42075,6209,71.08,4864,,,
gecko-chf/usdc,1,4,6,100,10000,48,2225.8,12662,3404,72.68,4864,,,
po-aud_chf_otc,1,5,6,100,10000,48,177.47,11227,1398,71.75,4865,,,
gecko-eurc/usdc,1,5,6,100,10000,48,4559.8,40766,5452,70.87,4865,,,
gecko-chf/usdc,1,5,6,100,10000,48,3102,13548,3163,73.53,4865,,,
po-aud_chf_otc,1,6,6,100,10000,48,38.08,10607,1242,68.3,4866,,,
gecko-eurc/usdc,1,6,6,100,10000,48,7086.2,36958,4757,74.67,4866,,,
gecko-chf/usdc,1,6,6,100,10000,48,1294.2,12996,2906,71.98,4866,,,
gecko-eurc/usdc,1,7,6,100,10000,48,6682.4,33652,4222,77.04,4867,,,
gecko-chf/usdc,1,7,6,100,10000,48,3754.8,13743,2738,77.23,4867,,,
po-aud_chf_otc,1,8,6,100,10000,48,267.32,8236,955,69,4868,,,
gecko-eurc/usdc,1,8,6,100,10000,48,6983.8,32069,3882,74.78,4868,,,
gecko-chf/usdc,1,8,6,100,10000,48,3464.2,12761,2470,78.6,4868,,,
gecko-eurc/usdc,1,9,6,100,10000,48,6589.2,29301,3523,75.45,4869,,,
gecko-chf/usdc,1,9,6,100,10000,48,4520.8,13328,2411,80.12,4869,,,
EUR/USDT,1,9,6,100,10000,48,5.8,20201,3077,74,4869,,,
gecko-eurc/usdc,1,10,6,100,10000,48,7455,28113,3242,74.42,4870,,,
gecko-chf/usdc,1,10,6,100,10000,48,4263,12864,2215,80.73,4870,,,
po-aud_chf_otc,1,5,1,100,10000,54,1.66,315,316,52.7,5415,,,
po-aud_chf_otc,1,8,1,100,10000,54,15.66,200,201,56.5,5418,,,
po-aud_chf_otc,1,5,2,100,10000,54,36.56,879,599,60,5425,,,
po-aud_chf_otc,1,6,2,100,10000,54,4.68,747,508,57.36,5426,,,
po-aud_chf_otc,1,8,2,100,10000,54,47.94,572,388,60,5428,,,
gecko-chf/usdc,1,4,3,100,10000,54,220.2,5736,2864,69.63,5434,,,
po-aud_chf_otc,1,5,3,100,10000,54,98.36,1863,846,64.76,5435,,,
gecko-chf/usdc,1,5,3,100,10000,54,281,5254,2547,69.94,5435,,,
po-aud_chf_otc,1,6,3,100,10000,54,16.44,1611,725,61.13,5436,,,
aud/cad,1,6,3,100,10000,54,11,529,243,63.16,5436,,,
gecko-chf/usdc,1,7,3,100,10000,54,347.8,4505,2102,71.11,5437,,,
po-aud_chf_otc,1,8,3,100,10000,54,101.46,1228,553,64,5438,,,
gecko-chf/usdc,1,8,3,100,10000,54,280,3977,1859,72.7,5438,,,
gecko-chf/usdc,1,9,3,100,10000,54,412.8,3828,1760,73.34,5439,,,
gecko-chf/usdc,1,10,3,100,10000,54,301.4,3412,1575,73.26,5440,,,
gecko-chf/usdc,1,2,4,100,10000,54,389.8,8972,4142,63.91,5442,,,
gecko-chf/usdc,1,3,4,100,10000,54,349.4,8782,3619,65.07,5443,,,
gecko-eurc/usdc,1,4,4,100,10000,54,59.4,16929,5096,61.88,5444,,,
gecko-chf/usdc,1,4,4,100,10000,54,794.6,8344,3190,69.63,5444,,,
po-aud_chf_otc,1,5,4,100,10000,54,248.92,3559,1059,69.84,5445,,,
gecko-chf/usdc,1,5,4,100,10000,54,949.8,8142,2908,69.94,5445,,,
po-aud_chf_otc,1,6,4,100,10000,54,1.88,3147,918,64.15,5446,,,
gecko-eurc/usdc,1,6,4,100,10000,54,588.6,12798,3703,62.24,5446,,,
gecko-chf/usdc,1,6,4,100,10000,54,468.6,7608,2656,68.21,5446,,,
aud/cad,1,6,4,100,10000,54,9.4,977,299,63.16,5446,,,
gecko-eurc/usdc,1,7,4,100,10000,54,893.2,11318,3256,64.02,5447,,,
gecko-chf/usdc,1,7,4,100,10000,54,1066.2,7329,2455,71.11,5447,,,
po-aud_chf_otc,1,8,4,100,10000,54,205.86,2404,701,67.5,5448,,,
gecko-eurc/usdc,1,8,4,100,10000,54,646.6,10337,2933,61.8,5448,,,
gecko-chf/usdc,1,8,4,100,10000,54,963.2,6505,2175,72.7,5448,,,
gecko-eurc/usdc,1,9,4,100,10000,54,722.4,9471,2667,61.65,5449,,,
gecko-chf/usdc,1,9,4,100,10000,54,1412.8,6572,2104,73.34,5449,,,
gecko-eurc/usdc,1,10,4,100,10000,54,715.2,8445,2388,60.55,5450,,,
gecko-chf/usdc,1,10,4,100,10000,54,1095,5988,1897,73.26,5450,,,
gecko-eurc/usdc,1,2,5,100,10000,54,33.2,34210,8726,67.02,5452,,,
gecko-chf/usdc,1,2,5,100,10000,54,671.4,10188,4218,64.27,5452,,,
gecko-eurc/usdc,1,3,5,100,10000,54,1558.4,30244,6846,68.69,5453,,,
gecko-chf/usdc,1,3,5,100,10000,54,1011.8,10510,3727,66.12,5453,,,
gecko-eurc/usdc,1,4,5,100,10000,54,1755.4,27905,5783,67.31,5454,,,
gecko-chf/usdc,1,4,5,100,10000,54,1431.4,10760,3341,71.71,5454,,,
po-aud_chf_otc,1,5,5,100,10000,54,440.6,6391,1237,69.84,5455,,,
gecko-eurc/usdc,1,5,5,100,10000,54,1011.8,25306,4970,65.94,5455,,,
gecko-chf/usdc,1,5,5,100,10000,54,1967.4,10926,3082,72.21,5455,,,
aud/cad,1,5,5,100,10000,54,39.8,1951,400,63.3,5455,,,
gecko-eurc/usdc,1,6,5,100,10000,54,2732.6,22606,4316,69.22,5456,,,
gecko-chf/usdc,1,6,5,100,10000,54,1060.6,10472,2835,70.91,5456,,,
aud/cad,1,6,5,100,10000,54,9.4,1697,344,63.16,5456,,,
aud/cny,1,6,5,100,10000,54,42.4,1889,392,65.14,5456,,,
gecko-eurc/usdc,1,7,5,100,10000,54,3014.8,20054,3802,71.3,5457,,,
gecko-chf/usdc,1,7,5,100,10000,54,2410.2,10593,2659,74.79,5457,,,
po-aud_chf_otc,1,8,5,100,10000,54,283.94,4436,829,67.5,5458,,,
gecko-eurc/usdc,1,8,5,100,10000,54,2656.2,18753,3460,69.16,5458,,,
gecko-chf/usdc,1,8,5,100,10000,54,2076.8,9625,2370,77.37,5458,,,
gecko-eurc/usdc,1,9,5,100,10000,54,2840.8,17231,3152,68.48,5459,,,
gecko-chf/usdc,1,9,5,100,10000,54,2769.6,9852,2310,77.86,5459,,,
aud/cad,1,9,5,100,10000,54,57.6,1368,257,60.61,5459,,,
gecko-eurc/usdc,1,10,5,100,10000,54,2961.6,15933,2856,69.8,5460,,,
gecko-chf/usdc,1,10,5,100,10000,54,2320.6,9140,2094,77.41,5460,,,
gecko-eurc/usdc,1,2,6,100,10000,54,890.8,44066,9034,68.37,5462,,,
gecko-chf/usdc,1,2,6,100,10000,54,946.6,10892,4240,64.42,5462,,,
gecko-eurc/usdc,1,3,6,100,10000,54,3984,42276,7222,71.46,5463,,,
gecko-chf/usdc,1,3,6,100,10000,54,1709.4,11886,3770,66.78,5463,,,
aud/cad,1,3,6,100,10000,54,33.4,3752,590,67.86,5463,,,
aud/cny,1,3,6,100,10000,54,9,4266,671,67.82,5463,,,
gecko-eurc/usdc,1,4,6,100,10000,54,3816.2,42433,6238,71.21,5464,,,
gecko-chf/usdc,1,4,6,100,10000,54,2186.6,12712,3402,72.36,5464,,,
po-aud_chf_otc,1,5,6,100,10000,54,285.08,10935,1380,72.7,5465,,,
gecko-eurc/usdc,1,5,6,100,10000,54,4391,40762,5454,70.47,5465,,,
gecko-chf/usdc,1,5,6,100,10000,54,3164.2,13646,3167,73.35,5465,,,
aud/cad,1,5,6,100,10000,54,110.2,3263,441,68.81,5465,,,
po-aud_chf_otc,1,6,6,100,10000,54,169.88,10475,1232,69.06,5466,,,
gecko-eurc/usdc,1,6,6,100,10000,54,6822.2,37006,4766,74.19,5466,,,
gecko-chf/usdc,1,6,6,100,10000,54,1374.2,13096,2917,72.2,5466,,,
aud/cad,1,6,6,100,10000,54,92.6,2881,381,66.32,5466,,,
aud/cny,1,6,6,100,10000,54,151.2,3105,430,66.97,5466,,,
gecko-eurc/usdc,1,7,6,100,10000,54,6579.6,33654,4227,76.71,5467,,,
gecko-chf/usdc,1,7,6,100,10000,54,3773.4,13953,2764,77.23,5467,,,
po-aud_chf_otc,1,8,6,100,10000,54,340.9,8052,943,69.5,5468,,,
gecko-eurc/usdc,1,8,6,100,10000,54,6835.4,31969,3874,74.78,5468,,,
gecko-chf/usdc,1,8,6,100,10000,54,3376,12761,2468,78.88,5468,,,
gecko-eurc/usdc,1,9,6,100,10000,54,6508,29519,3536,75.03,5469,,,
gecko-chf/usdc,1,9,6,100,10000,54,4510.4,13468,2423,79.82,5469,,,
aud/cad,1,9,6,100,10000,54,70.4,2392,289,68.18,5469,,,
gecko-eurc/usdc,1,10,6,100,10000,54,7576,27965,3232,74.88,5470,,,
gecko-chf/usdc,1,10,6,100,10000,54,4215,12948,2213,80.73,5470,,,
po-aud_chf_otc,1,5,1,100,10000,60,5.5,315,316,53.33,6015,,,
po-aud_chf_otc,1,8,1,100,10000,60,9.99,200,201,55,6018,,,
po-aud_chf_otc,1,5,2,100,10000,60,50.08,877,598,60.63,6025,,,
po-aud_chf_otc,1,6,2,100,10000,60,6.68,745,507,57.74,6026,,,
po-aud_chf_otc,1,8,2,100,10000,60,34.45,576,390,58.5,6028,,,
gecko-chf/usdc,1,4,3,100,10000,60,241.6,5756,2871,69.79,6034,,,
po-aud_chf_otc,1,5,3,100,10000,60,131.24,1857,844,65.4,6035,,,
gecko-chf/usdc,1,5,3,100,10000,60,281,5272,2552,70.04,6035,,,
po-aud_chf_otc,1,6,3,100,10000,60,18.76,1601,722,61.51,6036,,,
gecko-chf/usdc,1,7,3,100,10000,60,298.8,4509,2103,70.62,6037,,,
po-aud_chf_otc,1,8,3,100,10000,60,75.97,1244,558,62.5,6038,,,
gecko-chf/usdc,1,8,3,100,10000,60,327.6,3969,1856,73.25,6038,,,
gecko-chf/usdc,1,9,3,100,10000,60,432.2,3796,1751,73.19,6039,,,
gecko-chf/usdc,1,10,3,100,10000,60,311.8,3416,1576,73.26,6040,,,
gecko-chf/usdc,1,2,4,100,10000,60,369.6,8976,4141,63.56,6042,,,
gecko-chf/usdc,1,3,4,100,10000,60,294.6,8808,3630,64.88,6043,,,
gecko-chf/usdc,1,4,4,100,10000,60,806.4,8388,3200,69.79,6044,,,
po-aud_chf_otc,1,5,4,100,10000,60,313.32,3537,1055,70.48,6045,,,
gecko-chf/usdc,1,5,4,100,10000,60,929,8152,2912,70.04,6045,,,
po-aud_chf_otc,1,6,4,100,10000,60,12.2,3129,914,64.53,6046,,,
gecko-eurc/usdc,1,6,4,100,10000,60,373.8,12786,3701,61.28,6046,,,
gecko-chf/usdc,1,6,4,100,10000,60,516,7584,2650,68.64,6046,,,
gecko-eurc/usdc,1,7,4,100,10000,60,789.4,11330,3257,63.25,6047,,,
gecko-chf/usdc,1,7,4,100,10000,60,1007.6,7357,2459,70.62,6047,,,
po-aud_chf_otc,1,8,4,100,10000,60,164.37,2436,708,66,6048,,,
gecko-eurc/usdc,1,8,4,100,10000,60,679.2,10335,2931,62.05,6048,,,
gecko-chf/usdc,1,8,4,100,10000,60,1012.4,6481,2170,73.25,6048,,,
gecko-eurc/usdc,1,9,4,100,10000,60,697.6,9467,2666,61.51,6049,,,
gecko-chf/usdc,1,9,4,100,10000,60,1409.8,6476,2087,73.19,6049,,,
gecko-eurc/usdc,1,10,4,100,10000,60,723.6,8415,2384,60.86,6050,,,
gecko-chf/usdc,1,10,4,100,10000,60,1105.4,5992,1898,73.26,6050,,,
gecko-eurc/usdc,1,2,5,100,10000,60,85.8,34404,8749,67.16,6052,,,
gecko-chf/usdc,1,2,5,100,10000,60,654.4,10160,4215,63.86,6052,,,
gecko-eurc/usdc,1,3,5,100,10000,60,1506.2,30676,6900,68.02,6053,,,
gecko-chf/usdc,1,3,5,100,10000,60,944.2,10520,3737,65.92,6053,,,
gecko-eurc/usdc,1,4,5,100,10000,60,1303.6,27707,5764,66.91,6054,,,
gecko-chf/usdc,1,4,5,100,10000,60,1456,10820,3352,71.88,6054,,,
po-aud_chf_otc,1,5,5,100,10000,60,553.32,6321,1230,70.48,6055,,,
gecko-eurc/usdc,1,5,5,100,10000,60,1042.8,25410,4982,66.02,6055,,,
gecko-chf/usdc,1,5,5,100,10000,60,1962.6,10920,3085,72.21,6055,,,
po-aud_chf_otc,1,6,5,100,10000,60,23.08,5801,1082,65.28,6056,,,
gecko-eurc/usdc,1,6,5,100,10000,60,2319.4,22562,4312,68.36,6056,,,
gecko-chf/usdc,1,6,5,100,10000,60,1133.6,10480,2831,71.44,6056,,,
gecko-eurc/usdc,1,7,5,100,10000,60,2872.6,20162,3809,70.75,6057,,,
gecko-chf/usdc,1,7,5,100,10000,60,2322.8,10621,2663,74.3,6057,,,
po-aud_chf_otc,1,8,5,100,10000,60,241.17,4500,838,66,6058,,,
gecko-eurc/usdc,1,8,5,100,10000,60,2704.8,18735,3457,69.41,6058,,,
gecko-chf/usdc,1,8,5,100,10000,60,2129.2,9569,2363,77.78,6058,,,
gecko-eurc/usdc,1,9,5,100,10000,60,2883.2,17275,3154,68.62,6059,,,
gecko-chf/usdc,1,9,5,100,10000,60,2789,9676,2288,77.71,6059,,,
gecko-eurc/usdc,1,10,5,100,10000,60,3059.6,15871,2850,70.11,6060,,,
gecko-chf/usdc,1,10,5,100,10000,60,2331,9144,2095,77.57,6060,,,
gecko-eurc/usdc,1,2,6,100,10000,60,956.2,44420,9062,68.51,6062,,,
gecko-chf/usdc,1,2,6,100,10000,60,904,10832,4236,64.02,6062,,,
gecko-eurc/usdc,1,3,6,100,10000,60,3771.8,42868,7281,70.79,6063,,,
gecko-chf/usdc,1,3,6,100,10000,60,1616.2,11864,3779,66.58,6063,,,
gecko-eurc/usdc,1,4,6,100,10000,60,3351.6,42363,6223,70.81,6064,,,
gecko-chf/usdc,1,4,6,100,10000,60,2211.2,12772,3413,72.52,6064,,,
po-aud_chf_otc,1,5,6,100,10000,60,465,10737,1369,73.65,6065,,,
gecko-eurc/usdc,1,5,6,100,10000,60,4550,41026,5471,70.31,6065,,,
gecko-chf/usdc,1,5,6,100,10000,60,3133.8,13608,3169,73.35,6065,,,
po-aud_chf_otc,1,6,6,100,10000,60,257.64,10441,1227,69.43,6066,,,
gecko-eurc/usdc,1,6,6,100,10000,60,6287.4,37026,4764,73.33,6066,,,
gecko-chf/usdc,1,6,6,100,10000,60,1421.6,13072,2912,72.63,6066,,,
gecko-eurc/usdc,1,7,6,100,10000,60,6559,33986,4241,76.16,6067,,,
gecko-chf/usdc,1,7,6,100,10000,60,3660.4,13949,2767,76.62,6067,,,
po-aud_chf_otc,1,8,6,100,10000,60,295.57,8180,954,68.5,6068,,,
gecko-eurc/usdc,1,8,6,100,10000,60,6992.8,32015,3873,75.03,6068,,,
gecko-chf/usdc,1,8,6,100,10000,60,3402.8,12673,2460,79.29,6068,,,
gecko-eurc/usdc,1,9,6,100,10000,60,6716.8,29627,3540,75.31,6069,,,
gecko-chf/usdc,1,9,6,100,10000,60,4593.8,13228,2399,79.67,6069,,,
gecko-eurc/usdc,1,10,6,100,10000,60,7763.6,27871,3225,75.35,6070,,,
gecko-chf/usdc,1,10,6,100,10000,60,4225.4,12952,2214,80.73,6070,,,